rouge1,rouge2,rougeL,rougeLsum
0.02285562223454314,0.0,0.022464704370016818,0.022942817697016584
